[
{"STATION_CD":"0150","STATION_NM":"서울","LINE_NUM":"1","FR_CODE":"133","CYBER_ST_CODE":"0150","XPOINT":"37.555307","YPOINT":"126.970696"}
,{"STATION_CD":"0151","STATION_NM":"시청","LINE_NUM":"1","FR_CODE":"132","CYBER_ST_CODE":"0151","XPOINT":"37.565674","YPOINT":"126.977049"}
,{"STATION_CD":"0152","STATION_NM":"종각","LINE_NUM":"1","FR_CODE":"131","CYBER_ST_CODE":"0152","XPOINT":"37.570428","YPOINT":"126.983094"}
,{"STATION_CD":"0153","STATION_NM":"종로3가","LINE_NUM":"1","FR_CODE":"130","CYBER_ST_CODE":"0153","XPOINT":"37.570411","YPOINT":"126.990810"}
,{"STATION_CD":"0154","STATION_NM":"종로5가","LINE_NUM":"1","FR_CODE":"129","CYBER_ST_CODE":"0154","XPOINT":"37.571188","YPOINT":"127.001894"}
,{"STATION_CD":"0155","STATION_NM":"동대문","LINE_NUM":"1","FR_CODE":"128","CYBER_ST_CODE":"0155","XPOINT":"37.571166","YPOINT":"127.009236"}
,{"STATION_CD":"0156","STATION_NM":"신설동","LINE_NUM":"1","FR_CODE":"126","CYBER_ST_CODE":"0156","XPOINT":"37.574861","YPOINT":"127.025177"}
,{"STATION_CD":"0157","STATION_NM":"제기동","LINE_NUM":"1","FR_CODE":"125","CYBER_ST_CODE":"0157","XPOINT":"37.578404","YPOINT":"127.034879"}
,{"STATION_CD":"0158","STATION_NM":"청량리","LINE_NUM":"1","FR_CODE":"124","CYBER_ST_CODE":"0158","XPOINT":"37.580388","YPOINT":"127.047574"}
,{"STATION_CD":"0159","STATION_NM":"동묘앞","LINE_NUM":"1","FR_CODE":"127","CYBER_ST_CODE":"0159","XPOINT":"37.572517","YPOINT":"127.015629"}
,{"STATION_CD":"1002","STATION_NM":"남영","LINE_NUM":"1","FR_CODE":"134","CYBER_ST_CODE":"1002","XPOINT":"37.540822","YPOINT":"126.971123"}
,{"STATION_CD":"1003","STATION_NM":"용산","LINE_NUM":"1","FR_CODE":"135","CYBER_ST_CODE":"1003","XPOINT":"37.529843","YPOINT":"126.963422"}
,{"STATION_CD":"1004","STATION_NM":"노량진","LINE_NUM":"1","FR_CODE":"136","CYBER_ST_CODE":"1004","XPOINT":"37.514315","YPOINT":"126.941579"}
,{"STATION_CD":"1005","STATION_NM":"대방","LINE_NUM":"1","FR_CODE":"137","CYBER_ST_CODE":"1005","XPOINT":"37.513635","YPOINT":"126.926380"}
,{"STATION_CD":"1006","STATION_NM":"영등포","LINE_NUM":"1","FR_CODE":"139","CYBER_ST_CODE":"1006","XPOINT":"37.515795","YPOINT":"126.907791"}
,{"STATION_CD":"1015","STATION_NM":"회기","LINE_NUM":"1","FR_CODE":"123","CYBER_ST_CODE":"1015","XPOINT":"37.589771","YPOINT":"127.057488"}
,{"STATION_CD":"1016","STATION_NM":"외대앞","LINE_NUM":"1","FR_CODE":"122","CYBER_ST_CODE":"1016","XPOINT":"37.596450","YPOINT":"127.063599"}
,{"STATION_CD":"1017","STATION_NM":"신이문","LINE_NUM":"1","FR_CODE":"121","CYBER_ST_CODE":"1017","XPOINT":"37.602046","YPOINT":"127.067342"}
,{"STATION_CD":"1901","STATION_NM":"방학","LINE_NUM":"1","FR_CODE":"115","CYBER_ST_CODE":"1901","XPOINT":"37.667644","YPOINT":"127.044322"}
,{"STATION_CD":"1902","STATION_NM":"도봉","LINE_NUM":"1","FR_CODE":"114","CYBER_ST_CODE":"1902","XPOINT":"37.679700","YPOINT":"127.045494"}
,{"STATION_CD":"1903","STATION_NM":"도봉산","LINE_NUM":"1","FR_CODE":"113","CYBER_ST_CODE":"1903","XPOINT":"37.689828","YPOINT":"127.046385"}
,{"STATION_CD":"1904","STATION_NM":"망월사","LINE_NUM":"1","FR_CODE":"112","CYBER_ST_CODE":"1904","XPOINT":"37.710783","YPOINT":"127.047301"}
,{"STATION_CD":"1905","STATION_NM":"회룡","LINE_NUM":"1","FR_CODE":"111","CYBER_ST_CODE":"1905","XPOINT":"37.724304","YPOINT":"127.047281"}
,{"STATION_CD":"1906","STATION_NM":"의정부","LINE_NUM":"1","FR_CODE":"110","CYBER_ST_CODE":"1906","XPOINT":"37.738708","YPOINT":"127.045993"}
,{"STATION_CD":"1907","STATION_NM":"가능","LINE_NUM":"1","FR_CODE":"109","CYBER_ST_CODE":"1907","XPOINT":"37.748604","YPOINT":"127.044192"}
,{"STATION_CD":"1908","STATION_NM":"녹양","LINE_NUM":"1","FR_CODE":"108","CYBER_ST_CODE":"1908","XPOINT":"37.759649","YPOINT":"127.042288"}
,{"STATION_CD":"1909","STATION_NM":"양주","LINE_NUM":"1","FR_CODE":"107","CYBER_ST_CODE":"1909","XPOINT":"37.774172","YPOINT":"127.044820"}
,{"STATION_CD":"1910","STATION_NM":"덕계","LINE_NUM":"1","FR_CODE":"106","CYBER_ST_CODE":"1910","XPOINT":"37.819002","YPOINT":"127.056681"}
,{"STATION_CD":"1911","STATION_NM":"덕정","LINE_NUM":"1","FR_CODE":"105","CYBER_ST_CODE":"1911","XPOINT":"37.843483","YPOINT":"127.061495"}
,{"STATION_CD":"1912","STATION_NM":"지행","LINE_NUM":"1","FR_CODE":"104","CYBER_ST_CODE":"1912","XPOINT":"37.892699","YPOINT":"127.055744"}
,{"STATION_CD":"1913","STATION_NM":"동두천중앙","LINE_NUM":"1","FR_CODE":"103","CYBER_ST_CODE":"1913","XPOINT":"37.901948","YPOINT":"127.056393"}
,{"STATION_CD":"1914","STATION_NM":"보산","LINE_NUM":"1","FR_CODE":"102","CYBER_ST_CODE":"1914","XPOINT":"37.914501","YPOINT":"127.057107"}
,{"STATION_CD":"1915","STATION_NM":"동두천","LINE_NUM":"1","FR_CODE":"101","CYBER_ST_CODE":"1915","XPOINT":"37.926905","YPOINT":"127.055008"}
,{"STATION_CD":"1916","STATION_NM":"소요산","LINE_NUM":"1","FR_CODE":"100","CYBER_ST_CODE":"1916","XPOINT":"37.947340","YPOINT":"127.060665"}
,{"STATION_CD":"1018","STATION_NM":"석계","LINE_NUM":"1","FR_CODE":"120","CYBER_ST_CODE":"1018","XPOINT":"37.615414","YPOINT":"127.065599"}
,{"STATION_CD":"1019","STATION_NM":"광운대","LINE_NUM":"1","FR_CODE":"119","CYBER_ST_CODE":"1019","XPOINT":"37.624081","YPOINT":"127.061621"}
,{"STATION_CD":"1020","STATION_NM":"월계","LINE_NUM":"1","FR_CODE":"118","CYBER_ST_CODE":"1020","XPOINT":"37.633348","YPOINT":"127.058840"}
,{"STATION_CD":"1021","STATION_NM":"녹천","LINE_NUM":"1","FR_CODE":"117","CYBER_ST_CODE":"1021","XPOINT":"37.644858","YPOINT":"127.051411"}
,{"STATION_CD":"1032","STATION_NM":"신길","LINE_NUM":"1","FR_CODE":"138","CYBER_ST_CODE":"1032","XPOINT":"37.517261","YPOINT":"126.917652"}
,{"STATION_CD":"1401","STATION_NM":"봉명","LINE_NUM":"1","FR_CODE":"P170","CYBER_ST_CODE":"1401","XPOINT":"36.801814","YPOINT":"127.136271"}
,{"STATION_CD":"1402","STATION_NM":"쌍용(나사렛대)","LINE_NUM":"1","FR_CODE":"P171","CYBER_ST_CODE":"1402","XPOINT":"36.794007","YPOINT":"127.121358"}
,{"STATION_CD":"1403","STATION_NM":"아산","LINE_NUM":"1","FR_CODE":"P172","CYBER_ST_CODE":"1403","XPOINT":"36.792611","YPOINT":"127.106000"}
,{"STATION_CD":"1405","STATION_NM":"배방","LINE_NUM":"1","FR_CODE":"P174","CYBER_ST_CODE":"1405","XPOINT":"36.777751","YPOINT":"127.052746"}
,{"STATION_CD":"1407","STATION_NM":"온양온천","LINE_NUM":"1","FR_CODE":"P176","CYBER_ST_CODE":"1407","XPOINT":"36.780812","YPOINT":"127.004359"}
,{"STATION_CD":"1408","STATION_NM":"신창","LINE_NUM":"1","FR_CODE":"P177","CYBER_ST_CODE":"1408","XPOINT":"36.769458","YPOINT":"126.950091"}
,{"STATION_CD":"1701","STATION_NM":"구로","LINE_NUM":"1","FR_CODE":"141","CYBER_ST_CODE":"1701","XPOINT":"37.503174","YPOINT":"126.882267"}
,{"STATION_CD":"1702","STATION_NM":"가산디지털단지","LINE_NUM":"1","FR_CODE":"P142","CYBER_ST_CODE":"1702","XPOINT":"37.481647","YPOINT":"126.882599"}
,{"STATION_CD":"1703","STATION_NM":"금천구청","LINE_NUM":"1","FR_CODE":"P144","CYBER_ST_CODE":"1703","XPOINT":"37.455922","YPOINT":"126.893987"}
,{"STATION_CD":"1704","STATION_NM":"석수","LINE_NUM":"1","FR_CODE":"P145","CYBER_ST_CODE":"1704","XPOINT":"37.435370","YPOINT":"126.902260"}
,{"STATION_CD":"1705","STATION_NM":"관악","LINE_NUM":"1","FR_CODE":"P146","CYBER_ST_CODE":"1705","XPOINT":"37.419812","YPOINT":"126.908460"}
,{"STATION_CD":"1706","STATION_NM":"안양","LINE_NUM":"1","FR_CODE":"P147","CYBER_ST_CODE":"1706","XPOINT":"37.403268","YPOINT":"126.921749"}
,{"STATION_CD":"1707","STATION_NM":"명학","LINE_NUM":"1","FR_CODE":"P148","CYBER_ST_CODE":"1707","XPOINT":"37.384704","YPOINT":"126.935617"}
,{"STATION_CD":"1709","STATION_NM":"군포","LINE_NUM":"1","FR_CODE":"P150","CYBER_ST_CODE":"1709","XPOINT":"37.354001","YPOINT":"126.948512"}
,{"STATION_CD":"1710","STATION_NM":"의왕","LINE_NUM":"1","FR_CODE":"P152","CYBER_ST_CODE":"1710","XPOINT":"37.321671","YPOINT":"126.947636"}
,{"STATION_CD":"1711","STATION_NM":"성균관대","LINE_NUM":"1","FR_CODE":"P153","CYBER_ST_CODE":"1711","XPOINT":"37.588444","YPOINT":"126.993697"}
,{"STATION_CD":"1712","STATION_NM":"화서","LINE_NUM":"1","FR_CODE":"P154","CYBER_ST_CODE":"1712","XPOINT":"37.284242","YPOINT":"126.989533"}
,{"STATION_CD":"1713","STATION_NM":"수원","LINE_NUM":"1","FR_CODE":"P155","CYBER_ST_CODE":"1713","XPOINT":"37.2665921","YPOINT":"127.000196"}
,{"STATION_CD":"1714","STATION_NM":"독산","LINE_NUM":"1","FR_CODE":"P143","CYBER_ST_CODE":"1714","XPOINT":"37.466424","YPOINT":"126.889347"}
,{"STATION_CD":"1715","STATION_NM":"세류","LINE_NUM":"1","FR_CODE":"P156","CYBER_ST_CODE":"1715","XPOINT":"37.244893","YPOINT":"127.013420"}
,{"STATION_CD":"1716","STATION_NM":"병점","LINE_NUM":"1","FR_CODE":"P157","CYBER_ST_CODE":"1716","XPOINT":"37.207319","YPOINT":"127.032960"}
,{"STATION_CD":"1717","STATION_NM":"세마","LINE_NUM":"1","FR_CODE":"P158","CYBER_ST_CODE":"1717","XPOINT":"37.187506","YPOINT":"127.043295"}
,{"STATION_CD":"1718","STATION_NM":"오산대","LINE_NUM":"1","FR_CODE":"P159","CYBER_ST_CODE":"1718","XPOINT":"37.169636","YPOINT":"127.063107"}
,{"STATION_CD":"1719","STATION_NM":"오산","LINE_NUM":"1","FR_CODE":"P160","CYBER_ST_CODE":"1719","XPOINT":"37.146045","YPOINT":"127.067195"}
,{"STATION_CD":"1720","STATION_NM":"진위","LINE_NUM":"1","FR_CODE":"P161","CYBER_ST_CODE":"1720","XPOINT":"37.110188","YPOINT":"127.063003"}
,{"STATION_CD":"1721","STATION_NM":"송탄","LINE_NUM":"1","FR_CODE":"P162","CYBER_ST_CODE":"1721","XPOINT":"37.075794","YPOINT":"127.054339"}
,{"STATION_CD":"1722","STATION_NM":"서정리","LINE_NUM":"1","FR_CODE":"P163","CYBER_ST_CODE":"1722","XPOINT":"37.057256","YPOINT":"127.053310"}
,{"STATION_CD":"1723","STATION_NM":"지제","LINE_NUM":"1","FR_CODE":"P164","CYBER_ST_CODE":"1723","XPOINT":"37.019066","YPOINT":"127.070253"}
,{"STATION_CD":"1724","STATION_NM":"평택","LINE_NUM":"1","FR_CODE":"P165","CYBER_ST_CODE":"1724","XPOINT":"36.991406","YPOINT":"127.084943"}
,{"STATION_CD":"1725","STATION_NM":"성환","LINE_NUM":"1","FR_CODE":"P166","CYBER_ST_CODE":"1725","XPOINT":"36.916902","YPOINT":"127.126898"}
,{"STATION_CD":"1726","STATION_NM":"직산","LINE_NUM":"1","FR_CODE":"P167","CYBER_ST_CODE":"1726","XPOINT":"36.871200","YPOINT":"127.143736"}
,{"STATION_CD":"1727","STATION_NM":"두정","LINE_NUM":"1","FR_CODE":"P168","CYBER_ST_CODE":"1727","XPOINT":"36.833539","YPOINT":"127.149039"}
,{"STATION_CD":"1728","STATION_NM":"천안","LINE_NUM":"1","FR_CODE":"P169","CYBER_ST_CODE":"1728","XPOINT":"36.809312","YPOINT":"127.146502"}
,{"STATION_CD":"1729","STATION_NM":"당정","LINE_NUM":"1","FR_CODE":"P151","CYBER_ST_CODE":"1729","XPOINT":"37.344587","YPOINT":"126.948367"}
,{"STATION_CD":"1749","STATION_NM":"서동탄","LINE_NUM":"1","FR_CODE":"P157-1","CYBER_ST_CODE":"1749","XPOINT":"37.195910","YPOINT":"127.051877"}
,{"STATION_CD":"1750","STATION_NM":"광명","LINE_NUM":"1","FR_CODE":"K410","CYBER_ST_CODE":"1750","XPOINT":"37.416773","YPOINT":"126.884837"}
,{"STATION_CD":"1801","STATION_NM":"개봉","LINE_NUM":"1","FR_CODE":"143","CYBER_ST_CODE":"1801","XPOINT":"37.494949","YPOINT":"126.858584"}
,{"STATION_CD":"1802","STATION_NM":"오류동","LINE_NUM":"1","FR_CODE":"144","CYBER_ST_CODE":"1802","XPOINT":"37.494643","YPOINT":"126.844471"}
,{"STATION_CD":"1803","STATION_NM":"역곡","LINE_NUM":"1","FR_CODE":"146","CYBER_ST_CODE":"1803","XPOINT":"37.485344","YPOINT":"126.811485"}
,{"STATION_CD":"1804","STATION_NM":"부천","LINE_NUM":"1","FR_CODE":"148","CYBER_ST_CODE":"1804","XPOINT":"37.484317","YPOINT":"126.782782"}
,{"STATION_CD":"1805","STATION_NM":"송내","LINE_NUM":"1","FR_CODE":"150","CYBER_ST_CODE":"1805","XPOINT":"37.487903","YPOINT":"126.753072"}
,{"STATION_CD":"1806","STATION_NM":"부평","LINE_NUM":"1","FR_CODE":"152","CYBER_ST_CODE":"1806","XPOINT":"37.490716","YPOINT":"126.723464"}
,{"STATION_CD":"1807","STATION_NM":"백운","LINE_NUM":"1","FR_CODE":"153","CYBER_ST_CODE":"1807","XPOINT":"37.483527","YPOINT":"126.707099"}
,{"STATION_CD":"1808","STATION_NM":"동암","LINE_NUM":"1","FR_CODE":"154","CYBER_ST_CODE":"1808","XPOINT":"37.471052","YPOINT":"126.702836"}
,{"STATION_CD":"1809","STATION_NM":"주안","LINE_NUM":"1","FR_CODE":"156","CYBER_ST_CODE":"1809","XPOINT":"37.465312","YPOINT":"126.679959"}
,{"STATION_CD":"1810","STATION_NM":"제물포","LINE_NUM":"1","FR_CODE":"158","CYBER_ST_CODE":"1810","XPOINT":"37.467060","YPOINT":"126.657149"}
,{"STATION_CD":"1811","STATION_NM":"동인천","LINE_NUM":"1","FR_CODE":"160","CYBER_ST_CODE":"1811","XPOINT":"37.475648","YPOINT":"126.632636"}
,{"STATION_CD":"1812","STATION_NM":"인천","LINE_NUM":"1","FR_CODE":"161","CYBER_ST_CODE":"1812","XPOINT":"37.476590","YPOINT":"126.616984"}
,{"STATION_CD":"1813","STATION_NM":"구일","LINE_NUM":"1","FR_CODE":"142","CYBER_ST_CODE":"1813","XPOINT":"37.496550","YPOINT":"126.869572"}
,{"STATION_CD":"1814","STATION_NM":"소사","LINE_NUM":"1","FR_CODE":"147","CYBER_ST_CODE":"1814","XPOINT":"37.482972","YPOINT":"126.795702"}
,{"STATION_CD":"1815","STATION_NM":"부개","LINE_NUM":"1","FR_CODE":"151","CYBER_ST_CODE":"1815","XPOINT":"37.488696","YPOINT":"126.740533"}
,{"STATION_CD":"1816","STATION_NM":"간석","LINE_NUM":"1","FR_CODE":"155","CYBER_ST_CODE":"1816","XPOINT":"37.464915","YPOINT":"126.693306"}
,{"STATION_CD":"1817","STATION_NM":"도원","LINE_NUM":"1","FR_CODE":"159","CYBER_ST_CODE":"1817","XPOINT":"37.468855","YPOINT":"126.642883"}
,{"STATION_CD":"1821","STATION_NM":"온수","LINE_NUM":"1","FR_CODE":"145","CYBER_ST_CODE":"1821","XPOINT":"37.492484","YPOINT":"126.823426"}
,{"STATION_CD":"1822","STATION_NM":"중동","LINE_NUM":"1","FR_CODE":"149","CYBER_ST_CODE":"1822","XPOINT":"37.490613","YPOINT":"126.723464"}
,{"STATION_CD":"1823","STATION_NM":"도화","LINE_NUM":"1","FR_CODE":"157","CYBER_ST_CODE":"1823","XPOINT":"37.466292","YPOINT":"126.668710"}
,{"STATION_CD":"0212","STATION_NM":"건대입구","LINE_NUM":"2","FR_CODE":"212","CYBER_ST_CODE":"0212","XPOINT":"37.540589","YPOINT":"127.069188"}
,{"STATION_CD":"0213","STATION_NM":"구의","LINE_NUM":"2","FR_CODE":"213","CYBER_ST_CODE":"0213","XPOINT":"37.537353","YPOINT":"127.086140"}
,{"STATION_CD":"0214","STATION_NM":"강변","LINE_NUM":"2","FR_CODE":"214","CYBER_ST_CODE":"0214","XPOINT":"37.535395","YPOINT":"127.094624"}
,{"STATION_CD":"0215","STATION_NM":"잠실나루","LINE_NUM":"2","FR_CODE":"215","CYBER_ST_CODE":"0215","XPOINT":"37.520980","YPOINT":"127.103817"}
,{"STATION_CD":"0216","STATION_NM":"잠실","LINE_NUM":"2","FR_CODE":"216","CYBER_ST_CODE":"0216","XPOINT":"37.513516","YPOINT":"127.100096"}
,{"STATION_CD":"0217","STATION_NM":"신천","LINE_NUM":"2","FR_CODE":"217","CYBER_ST_CODE":"0217","XPOINT":"37.511815","YPOINT":"127.085612"}
,{"STATION_CD":"0218","STATION_NM":"종합운동장","LINE_NUM":"2","FR_CODE":"218","CYBER_ST_CODE":"0218","XPOINT":"37.511285","YPOINT":"127.073715"}
,{"STATION_CD":"0219","STATION_NM":"삼성","LINE_NUM":"2","FR_CODE":"219","CYBER_ST_CODE":"0219","XPOINT":"37.509121","YPOINT":"127.063122"}
,{"STATION_CD":"0220","STATION_NM":"선릉","LINE_NUM":"2","FR_CODE":"220","CYBER_ST_CODE":"0220","XPOINT":"37.504688","YPOINT":"127.048914"}
,{"STATION_CD":"0221","STATION_NM":"역삼","LINE_NUM":"2","FR_CODE":"221","CYBER_ST_CODE":"0221","XPOINT":"37.501019","YPOINT":"127.036952"}
,{"STATION_CD":"0222","STATION_NM":"강남","LINE_NUM":"2","FR_CODE":"222","CYBER_ST_CODE":"0222","XPOINT":"37.498168","YPOINT":"127.027594"}
,{"STATION_CD":"0224","STATION_NM":"서초","LINE_NUM":"2","FR_CODE":"224","CYBER_ST_CODE":"0224","XPOINT":"37.492040","YPOINT":"127.007575"}
,{"STATION_CD":"0225","STATION_NM":"방배","LINE_NUM":"2","FR_CODE":"225","CYBER_ST_CODE":"0225","XPOINT":"37.481755","YPOINT":"126.997622"}
,{"STATION_CD":"0240","STATION_NM":"신촌","LINE_NUM":"2","FR_CODE":"240","CYBER_ST_CODE":"0240","XPOINT":"37.555144","YPOINT":"126.936901"}
,{"STATION_CD":"0241","STATION_NM":"이대","LINE_NUM":"2","FR_CODE":"241","CYBER_ST_CODE":"0241","XPOINT":"37.556944","YPOINT":"126.945852"}
,{"STATION_CD":"0242","STATION_NM":"아현","LINE_NUM":"2","FR_CODE":"242","CYBER_ST_CODE":"0242","XPOINT":"37.557607","YPOINT":"126.956131"}
,{"STATION_CD":"0243","STATION_NM":"충정로","LINE_NUM":"2","FR_CODE":"243","CYBER_ST_CODE":"0243","XPOINT":"37.559991","YPOINT":"126.964450"}
,{"STATION_CD":"0244","STATION_NM":"용답","LINE_NUM":"2","FR_CODE":"211-1","CYBER_ST_CODE":"0244","XPOINT":"37.562438","YPOINT":"127.050873"}
,{"STATION_CD":"0245","STATION_NM":"신답","LINE_NUM":"2","FR_CODE":"211-2","CYBER_ST_CODE":"0245","XPOINT":"37.570031","YPOINT":"127.046467"}
,{"STATION_CD":"0247","STATION_NM":"도림천","LINE_NUM":"2","FR_CODE":"234-1","CYBER_ST_CODE":"0247","XPOINT":"37.514686","YPOINT":"126.882640"}
,{"STATION_CD":"0248","STATION_NM":"양천구청","LINE_NUM":"2","FR_CODE":"234-2","CYBER_ST_CODE":"0248","XPOINT":"37.512539","YPOINT":"126.865542"}
,{"STATION_CD":"0249","STATION_NM":"신정네거리","LINE_NUM":"2","FR_CODE":"234-3","CYBER_ST_CODE":"0249","XPOINT":"37.520460","YPOINT":"126.852844"}
,{"STATION_CD":"0226","STATION_NM":"사당","LINE_NUM":"2","FR_CODE":"226","CYBER_ST_CODE":"0226","XPOINT":"37.476776","YPOINT":"126.981681"}
,{"STATION_CD":"0227","STATION_NM":"낙성대","LINE_NUM":"2","FR_CODE":"227","CYBER_ST_CODE":"0227","XPOINT":"37.477317","YPOINT":"126.963434"}
,{"STATION_CD":"0228","STATION_NM":"서울대입구","LINE_NUM":"2","FR_CODE":"228","CYBER_ST_CODE":"0228","XPOINT":"37.481478","YPOINT":"126.952696"}
,{"STATION_CD":"0229","STATION_NM":"봉천","LINE_NUM":"2","FR_CODE":"229","CYBER_ST_CODE":"0229","XPOINT":"37.482685","YPOINT":"126.941569"}
,{"STATION_CD":"0230","STATION_NM":"신림","LINE_NUM":"2","FR_CODE":"230","CYBER_ST_CODE":"0230","XPOINT":"37.484486","YPOINT":"126.929735"}
,{"STATION_CD":"0231","STATION_NM":"신대방","LINE_NUM":"2","FR_CODE":"231","CYBER_ST_CODE":"0231","XPOINT":"37.487745","YPOINT":"126.913298"}
,{"STATION_CD":"0232","STATION_NM":"구로디지털단지","LINE_NUM":"2","FR_CODE":"232","CYBER_ST_CODE":"0232","XPOINT":"37.485476","YPOINT":"126.901542"}
,{"STATION_CD":"0233","STATION_NM":"대림","LINE_NUM":"2","FR_CODE":"233","CYBER_ST_CODE":"0233","XPOINT":"37.493617","YPOINT":"126.894965"}
,{"STATION_CD":"0234","STATION_NM":"신도림","LINE_NUM":"2","FR_CODE":"234","CYBER_ST_CODE":"0234","XPOINT":"37.509256","YPOINT":"126.891535"}
,{"STATION_CD":"0235","STATION_NM":"문래","LINE_NUM":"2","FR_CODE":"235","CYBER_ST_CODE":"0235","XPOINT":"37.518189","YPOINT":"126.894803"}
,{"STATION_CD":"0236","STATION_NM":"영등포구청","LINE_NUM":"2","FR_CODE":"236","CYBER_ST_CODE":"0236","XPOINT":"37.526001","YPOINT":"126.896626"}
,{"STATION_CD":"0237","STATION_NM":"당산","LINE_NUM":"2","FR_CODE":"237","CYBER_ST_CODE":"0237","XPOINT":"37.534152","YPOINT":"126.901933"}
,{"STATION_CD":"0238","STATION_NM":"합정","LINE_NUM":"2","FR_CODE":"238","CYBER_ST_CODE":"0238","XPOINT":"37.549209","YPOINT":"126.913535"}
,{"STATION_CD":"0239","STATION_NM":"홍대입구","LINE_NUM":"2","FR_CODE":"239","CYBER_ST_CODE":"0239","XPOINT":"37.557089","YPOINT":"126.923790"}
,{"STATION_CD":"0202","STATION_NM":"을지로입구","LINE_NUM":"2","FR_CODE":"202","CYBER_ST_CODE":"0202","XPOINT":"37.566341","YPOINT":"126.982603"}
,{"STATION_CD":"0203","STATION_NM":"을지로3가","LINE_NUM":"2","FR_CODE":"203","CYBER_ST_CODE":"0203","XPOINT":"37.566528","YPOINT":"126.992676"}
,{"STATION_CD":"0204","STATION_NM":"을지로4가","LINE_NUM":"2","FR_CODE":"204","CYBER_ST_CODE":"0204","XPOINT":"37.566802","YPOINT":"126.997565"}
,{"STATION_CD":"0205","STATION_NM":"동대문역사문화공원","LINE_NUM":"2","FR_CODE":"205","CYBER_ST_CODE":"0205","XPOINT":"37.565293","YPOINT":"127.007695"}
,{"STATION_CD":"0206","STATION_NM":"신당","LINE_NUM":"2","FR_CODE":"206","CYBER_ST_CODE":"0206","XPOINT":"37.565862","YPOINT":"127.019388"}
,{"STATION_CD":"0207","STATION_NM":"상왕십리","LINE_NUM":"2","FR_CODE":"207","CYBER_ST_CODE":"0207","XPOINT":"37.564640","YPOINT":"127.028888"}
,{"STATION_CD":"0208","STATION_NM":"왕십리","LINE_NUM":"2","FR_CODE":"208","CYBER_ST_CODE":"0208","XPOINT":"37.561725","YPOINT":"127.038531"}
,{"STATION_CD":"0209","STATION_NM":"한양대","LINE_NUM":"2","FR_CODE":"209","CYBER_ST_CODE":"0209","XPOINT":"37.555776","YPOINT":"127.043639"}
,{"STATION_CD":"0210","STATION_NM":"뚝섬","LINE_NUM":"2","FR_CODE":"210","CYBER_ST_CODE":"0210","XPOINT":"37.547482","YPOINT":"127.047358"}
,{"STATION_CD":"0211","STATION_NM":"성수","LINE_NUM":"2","FR_CODE":"211","CYBER_ST_CODE":"0211","XPOINT":"37.544794","YPOINT":"127.056001"}
,{"STATION_CD":"0250","STATION_NM":"용두","LINE_NUM":"2","FR_CODE":"211-3","CYBER_ST_CODE":"0250","XPOINT":"37.574144","YPOINT":"127.038669"}
,{"STATION_CD":"0309","STATION_NM":"지축","LINE_NUM":"3","FR_CODE":"319","CYBER_ST_CODE":"0309","XPOINT":"37.648305","YPOINT":"126.913762"}
,{"STATION_CD":"0310","STATION_NM":"구파발","LINE_NUM":"3","FR_CODE":"320","CYBER_ST_CODE":"0310","XPOINT":"37.636806","YPOINT":"126.918871"}
,{"STATION_CD":"0311","STATION_NM":"연신내","LINE_NUM":"3","FR_CODE":"321","CYBER_ST_CODE":"0311","XPOINT":"37.619271","YPOINT":"126.921114"}
,{"STATION_CD":"0312","STATION_NM":"불광","LINE_NUM":"3","FR_CODE":"322","CYBER_ST_CODE":"0312","XPOINT":"37.610311","YPOINT":"126.930249"}
,{"STATION_CD":"0313","STATION_NM":"녹번","LINE_NUM":"3","FR_CODE":"323","CYBER_ST_CODE":"0313","XPOINT":"37.601145","YPOINT":"126.935723"}
,{"STATION_CD":"0314","STATION_NM":"홍제","LINE_NUM":"3","FR_CODE":"324","CYBER_ST_CODE":"0314","XPOINT":"37.589034","YPOINT":"126.944056"}
,{"STATION_CD":"0315","STATION_NM":"무악재","LINE_NUM":"3","FR_CODE":"325","CYBER_ST_CODE":"0315","XPOINT":"37.582875","YPOINT":"126.950094"}
,{"STATION_CD":"0316","STATION_NM":"독립문","LINE_NUM":"3","FR_CODE":"326","CYBER_ST_CODE":"0316","XPOINT":"37.574627","YPOINT":"126.957945"}
,{"STATION_CD":"0317","STATION_NM":"경복궁","LINE_NUM":"3","FR_CODE":"327","CYBER_ST_CODE":"0317","XPOINT":"37.576089","YPOINT":"126.973585"}
,{"STATION_CD":"0318","STATION_NM":"안국","LINE_NUM":"3","FR_CODE":"328","CYBER_ST_CODE":"0318","XPOINT":"37.576841","YPOINT":"126.985413"}
,{"STATION_CD":"0321","STATION_NM":"충무로","LINE_NUM":"3","FR_CODE":"331","CYBER_ST_CODE":"0321","XPOINT":"37.561896","YPOINT":"126.993624"}
,{"STATION_CD":"0322","STATION_NM":"동대입구","LINE_NUM":"3","FR_CODE":"332","CYBER_ST_CODE":"0322","XPOINT":"37.559293","YPOINT":"127.005037"}
,{"STATION_CD":"0323","STATION_NM":"약수","LINE_NUM":"3","FR_CODE":"333","CYBER_ST_CODE":"0323","XPOINT":"37.554285","YPOINT":"127.010204"}
,{"STATION_CD":"0324","STATION_NM":"금호","LINE_NUM":"3","FR_CODE":"334","CYBER_ST_CODE":"0324","XPOINT":"37.548434","YPOINT":"127.015784"}
,{"STATION_CD":"0325","STATION_NM":"옥수","LINE_NUM":"3","FR_CODE":"335","CYBER_ST_CODE":"0325","XPOINT":"37.540722","YPOINT":"127.018714"}
,{"STATION_CD":"0326","STATION_NM":"압구정","LINE_NUM":"3","FR_CODE":"336","CYBER_ST_CODE":"0326","XPOINT":"37.526293","YPOINT":"127.028417"}
,{"STATION_CD":"0327","STATION_NM":"신사","LINE_NUM":"3","FR_CODE":"337","CYBER_ST_CODE":"0327","XPOINT":"37.516819","YPOINT":"127.020557"}
,{"STATION_CD":"0328","STATION_NM":"잠원","LINE_NUM":"3","FR_CODE":"338","CYBER_ST_CODE":"0328","XPOINT":"37.513169","YPOINT":"127.011573"}
,{"STATION_CD":"0329","STATION_NM":"고속터미널","LINE_NUM":"3","FR_CODE":"339","CYBER_ST_CODE":"0329","XPOINT":"37.506241","YPOINT":"127.004291"}
,{"STATION_CD":"0330","STATION_NM":"교대","LINE_NUM":"3","FR_CODE":"340","CYBER_ST_CODE":"0330","XPOINT":"37.494175","YPOINT":"127.014605"}
,{"STATION_CD":"0331","STATION_NM":"남부터미널","LINE_NUM":"3","FR_CODE":"341","CYBER_ST_CODE":"0331","XPOINT":"37.485144","YPOINT":"127.016322"}
,{"STATION_CD":"0332","STATION_NM":"양재","LINE_NUM":"3","FR_CODE":"342","CYBER_ST_CODE":"0332","XPOINT":"37.484799","YPOINT":"127.033969"}
,{"STATION_CD":"0333","STATION_NM":"매봉","LINE_NUM":"3","FR_CODE":"343","CYBER_ST_CODE":"0333","XPOINT":"37.487278","YPOINT":"127.047009"}
,{"STATION_CD":"0334","STATION_NM":"도곡","LINE_NUM":"3","FR_CODE":"344","CYBER_ST_CODE":"0334","XPOINT":"37.491389","YPOINT":"127.055969"}
,{"STATION_CD":"0335","STATION_NM":"대치","LINE_NUM":"3","FR_CODE":"345","CYBER_ST_CODE":"0335","XPOINT":"37.494812","YPOINT":"127.063484"}
,{"STATION_CD":"0336","STATION_NM":"학여울","LINE_NUM":"3","FR_CODE":"346","CYBER_ST_CODE":"0336","XPOINT":"37.496951","YPOINT":"127.070554"}
,{"STATION_CD":"0337","STATION_NM":"대청","LINE_NUM":"3","FR_CODE":"347","CYBER_ST_CODE":"0337","XPOINT":"37.493852","YPOINT":"127.079617"}
,{"STATION_CD":"0338","STATION_NM":"일원","LINE_NUM":"3","FR_CODE":"348","CYBER_ST_CODE":"0338","XPOINT":"37.484078","YPOINT":"127.083909"}
,{"STATION_CD":"0339","STATION_NM":"수서","LINE_NUM":"3","FR_CODE":"349","CYBER_ST_CODE":"0339","XPOINT":"37.487901","YPOINT":"127.101188"}
,{"STATION_CD":"0341","STATION_NM":"경찰병원","LINE_NUM":"3","FR_CODE":"351","CYBER_ST_CODE":"0341","XPOINT":"37.495945","YPOINT":"127.124228"}
,{"STATION_CD":"1950","STATION_NM":"삼송","LINE_NUM":"3","FR_CODE":"318","CYBER_ST_CODE":"1950","XPOINT":"37.653338","YPOINT":"126.895554"}
,{"STATION_CD":"1951","STATION_NM":"원당","LINE_NUM":"3","FR_CODE":"317","CYBER_ST_CODE":"1951","XPOINT":"37.653536","YPOINT":"126.842968"}
,{"STATION_CD":"1952","STATION_NM":"화정","LINE_NUM":"3","FR_CODE":"316","CYBER_ST_CODE":"1952","XPOINT":"37.634883","YPOINT":"126.832725"}
,{"STATION_CD":"1953","STATION_NM":"대곡","LINE_NUM":"3","FR_CODE":"315","CYBER_ST_CODE":"1953","XPOINT":"37.632786","YPOINT":"126.809293"}
,{"STATION_CD":"1954","STATION_NM":"백석","LINE_NUM":"3","FR_CODE":"314","CYBER_ST_CODE":"1954","XPOINT":"37.643241","YPOINT":"126.788050"}
,{"STATION_CD":"1955","STATION_NM":"마두","LINE_NUM":"3","FR_CODE":"313","CYBER_ST_CODE":"1955","XPOINT":"37.652427","YPOINT":"126.777614"}
,{"STATION_CD":"1956","STATION_NM":"정발산","LINE_NUM":"3","FR_CODE":"312","CYBER_ST_CODE":"1956","XPOINT":"37.659736","YPOINT":"126.773425"}
,{"STATION_CD":"1957","STATION_NM":"주엽","LINE_NUM":"3","FR_CODE":"311","CYBER_ST_CODE":"1957","XPOINT":"37.670414","YPOINT":"126.761205"}
,{"STATION_CD":"1958","STATION_NM":"대화","LINE_NUM":"3","FR_CODE":"310","CYBER_ST_CODE":"1958","XPOINT":"37.676443","YPOINT":"126.747375"}
,{"STATION_CD":"0419","STATION_NM":"한성대입구","LINE_NUM":"4","FR_CODE":"419","CYBER_ST_CODE":"0419","XPOINT":"37.588659","YPOINT":"127.005945"}
,{"STATION_CD":"0420","STATION_NM":"혜화","LINE_NUM":"4","FR_CODE":"420","CYBER_ST_CODE":"0420","XPOINT":"37.582297","YPOINT":"127.001865"}
,{"STATION_CD":"0424","STATION_NM":"명동","LINE_NUM":"4","FR_CODE":"424","CYBER_ST_CODE":"0424","XPOINT":"37.561173","YPOINT":"126.986459"}
,{"STATION_CD":"0425","STATION_NM":"회현","LINE_NUM":"4","FR_CODE":"425","CYBER_ST_CODE":"0425","XPOINT":"37.558809","YPOINT":"126.978208"}
,{"STATION_CD":"0427","STATION_NM":"숙대입구","LINE_NUM":"4","FR_CODE":"427","CYBER_ST_CODE":"0427","XPOINT":"37.545331","YPOINT":"126.971971"}
,{"STATION_CD":"0428","STATION_NM":"삼각지","LINE_NUM":"4","FR_CODE":"428","CYBER_ST_CODE":"0428","XPOINT":"37.535903","YPOINT":"126.973921"}
,{"STATION_CD":"0429","STATION_NM":"신용산","LINE_NUM":"4","FR_CODE":"429","CYBER_ST_CODE":"0429","XPOINT":"37.529540","YPOINT":"126.967859"}
,{"STATION_CD":"0430","STATION_NM":"이촌","LINE_NUM":"4","FR_CODE":"430","CYBER_ST_CODE":"0430","XPOINT":"37.522631","YPOINT":"126.974335"}
,{"STATION_CD":"0431","STATION_NM":"동작","LINE_NUM":"4","FR_CODE":"431","CYBER_ST_CODE":"0431","XPOINT":"37.503050","YPOINT":"126.980384"}
,{"STATION_CD":"0432","STATION_NM":"총신대입구(이수)","LINE_NUM":"4","FR_CODE":"432","CYBER_ST_CODE":"0432","XPOINT":"37.485692","YPOINT":"126.982037"}
,{"STATION_CD":"0434","STATION_NM":"남태령","LINE_NUM":"4","FR_CODE":"434","CYBER_ST_CODE":"0434","XPOINT":"37.464497","YPOINT":"126.989145"}
,{"STATION_CD":"1450","STATION_NM":"선바위","LINE_NUM":"4","FR_CODE":"435","CYBER_ST_CODE":"1450","XPOINT":"37.452105","YPOINT":"127.002116"}
,{"STATION_CD":"1451","STATION_NM":"경마공원","LINE_NUM":"4","FR_CODE":"436","CYBER_ST_CODE":"1451","XPOINT":"37.444238","YPOINT":"127.007894"}
,{"STATION_CD":"1452","STATION_NM":"대공원","LINE_NUM":"4","FR_CODE":"437","CYBER_ST_CODE":"1452","XPOINT":"37.436009","YPOINT":"127.006426"}
,{"STATION_CD":"1453","STATION_NM":"과천","LINE_NUM":"4","FR_CODE":"438","CYBER_ST_CODE":"1453","XPOINT":"37.433371","YPOINT":"126.996442"}
,{"STATION_CD":"1454","STATION_NM":"정부과천청사","LINE_NUM":"4","FR_CODE":"439","CYBER_ST_CODE":"1454","XPOINT":"37.426832","YPOINT":"126.989733"}
,{"STATION_CD":"1455","STATION_NM":"인덕원","LINE_NUM":"4","FR_CODE":"440","CYBER_ST_CODE":"1455","XPOINT":"37.402092","YPOINT":"126.976780"}
,{"STATION_CD":"1456","STATION_NM":"평촌","LINE_NUM":"4","FR_CODE":"441","CYBER_ST_CODE":"1456","XPOINT":"37.394589","YPOINT":"126.963907"}
,{"STATION_CD":"1457","STATION_NM":"범계","LINE_NUM":"4","FR_CODE":"442","CYBER_ST_CODE":"1457","XPOINT":"37.390097","YPOINT":"126.950686"}
,{"STATION_CD":"1458","STATION_NM":"금정","LINE_NUM":"4","FR_CODE":"443","CYBER_ST_CODE":"1458","XPOINT":"37.372439","YPOINT":"126.943380"}
,{"STATION_CD":"1751","STATION_NM":"산본","LINE_NUM":"4","FR_CODE":"444","CYBER_ST_CODE":"1751","XPOINT":"37.358245","YPOINT":"126.932942"}
,{"STATION_CD":"1752","STATION_NM":"대야미","LINE_NUM":"4","FR_CODE":"446","CYBER_ST_CODE":"1752","XPOINT":"37.328556","YPOINT":"126.917122"}
,{"STATION_CD":"1753","STATION_NM":"반월","LINE_NUM":"4","FR_CODE":"447","CYBER_ST_CODE":"1753","XPOINT":"37.312419","YPOINT":"126.903614"}
,{"STATION_CD":"1754","STATION_NM":"상록수","LINE_NUM":"4","FR_CODE":"448","CYBER_ST_CODE":"1754","XPOINT":"37.303126","YPOINT":"126.866410"}
,{"STATION_CD":"1755","STATION_NM":"한대앞","LINE_NUM":"4","FR_CODE":"449","CYBER_ST_CODE":"1755","XPOINT":"37.309937","YPOINT":"126.853694"}
,{"STATION_CD":"1756","STATION_NM":"중앙","LINE_NUM":"4","FR_CODE":"450","CYBER_ST_CODE":"1756","XPOINT":"37.316273","YPOINT":"126.838570"}
,{"STATION_CD":"1757","STATION_NM":"고잔","LINE_NUM":"4","FR_CODE":"451","CYBER_ST_CODE":"1757","XPOINT":"37.317030","YPOINT":"126.823099"}
,{"STATION_CD":"1758","STATION_NM":"초지","LINE_NUM":"4","FR_CODE":"452","CYBER_ST_CODE":"1758","XPOINT":"37.320801","YPOINT":"126.806124"}
,{"STATION_CD":"1759","STATION_NM":"안산","LINE_NUM":"4","FR_CODE":"453","CYBER_ST_CODE":"1759","XPOINT":"37.327224","YPOINT":"126.788700"}
,{"STATION_CD":"1760","STATION_NM":"신길온천","LINE_NUM":"4","FR_CODE":"454","CYBER_ST_CODE":"1760","XPOINT":"37.338529","YPOINT":"126.765831"}
,{"STATION_CD":"1761","STATION_NM":"정왕","LINE_NUM":"4","FR_CODE":"455","CYBER_ST_CODE":"1761","XPOINT":"37.352085","YPOINT":"126.742796"}
,{"STATION_CD":"1762","STATION_NM":"오이도","LINE_NUM":"4","FR_CODE":"456","CYBER_ST_CODE":"1762","XPOINT":"37.362952","YPOINT":"126.738788"}
,{"STATION_CD":"1763","STATION_NM":"수리산","LINE_NUM":"4","FR_CODE":"445","CYBER_ST_CODE":"1763","XPOINT":"37.350540","YPOINT":"126.925596"}
,{"STATION_CD":"0409","STATION_NM":"당고개","LINE_NUM":"4","FR_CODE":"409","CYBER_ST_CODE":"0409","XPOINT":"37.670477","YPOINT":"127.078941"}
,{"STATION_CD":"0410","STATION_NM":"상계","LINE_NUM":"4","FR_CODE":"410","CYBER_ST_CODE":"0410","XPOINT":"37.660876","YPOINT":"127.073164"}
,{"STATION_CD":"0411","STATION_NM":"노원","LINE_NUM":"4","FR_CODE":"411","CYBER_ST_CODE":"0411","XPOINT":"37.656583","YPOINT":"127.063327"}
,{"STATION_CD":"0412","STATION_NM":"창동","LINE_NUM":"4","FR_CODE":"412","CYBER_ST_CODE":"0412","XPOINT":"37.653439","YPOINT":"127.047754"}
,{"STATION_CD":"0413","STATION_NM":"쌍문","LINE_NUM":"4","FR_CODE":"413","CYBER_ST_CODE":"0413","XPOINT":"37.648878","YPOINT":"127.034665"}
,{"STATION_CD":"0414","STATION_NM":"수유","LINE_NUM":"4","FR_CODE":"414","CYBER_ST_CODE":"0414","XPOINT":"37.638187","YPOINT":"127.025625"}
,{"STATION_CD":"0415","STATION_NM":"미아","LINE_NUM":"4","FR_CODE":"415","CYBER_ST_CODE":"0415","XPOINT":"37.626670","YPOINT":"127.026105"}
,{"STATION_CD":"0416","STATION_NM":"미아사거리","LINE_NUM":"4","FR_CODE":"416","CYBER_ST_CODE":"0416","XPOINT":"37.613502","YPOINT":"127.030068"}
,{"STATION_CD":"0417","STATION_NM":"길음","LINE_NUM":"4","FR_CODE":"417","CYBER_ST_CODE":"0417","XPOINT":"37.603512","YPOINT":"127.024855"}
,{"STATION_CD":"0418","STATION_NM":"성신여대입구","LINE_NUM":"4","FR_CODE":"418","CYBER_ST_CODE":"0418","XPOINT":"37.592954","YPOINT":"127.016549"}
,{"STATION_CD":"2511","STATION_NM":"방화","LINE_NUM":"5","FR_CODE":"510","CYBER_ST_CODE":"2511","XPOINT":"37.577788","YPOINT":"126.812885"}
,{"STATION_CD":"2512","STATION_NM":"개화산","LINE_NUM":"5","FR_CODE":"511","CYBER_ST_CODE":"2512","XPOINT":"37.572697","YPOINT":"126.806791"}
,{"STATION_CD":"2513","STATION_NM":"김포공항","LINE_NUM":"5","FR_CODE":"512","CYBER_ST_CODE":"2513","XPOINT":"37.562505","YPOINT":"126.801375"}
,{"STATION_CD":"2514","STATION_NM":"송정","LINE_NUM":"5","FR_CODE":"513","CYBER_ST_CODE":"2514","XPOINT":"37.561238","YPOINT":"126.811870"}
,{"STATION_CD":"2515","STATION_NM":"마곡","LINE_NUM":"5","FR_CODE":"514","CYBER_ST_CODE":"2515","XPOINT":"37.560492","YPOINT":"126.824637"}
,{"STATION_CD":"2516","STATION_NM":"발산","LINE_NUM":"5","FR_CODE":"515","CYBER_ST_CODE":"2516","XPOINT":"37.558917","YPOINT":"126.837568"}
,{"STATION_CD":"2517","STATION_NM":"우장산","LINE_NUM":"5","FR_CODE":"516","CYBER_ST_CODE":"2517","XPOINT":"37.549034","YPOINT":"126.836329"}
,{"STATION_CD":"2518","STATION_NM":"화곡","LINE_NUM":"5","FR_CODE":"517","CYBER_ST_CODE":"2518","XPOINT":"37.541786","YPOINT":"126.840345"}
,{"STATION_CD":"2519","STATION_NM":"까치산","LINE_NUM":"5","FR_CODE":"518","CYBER_ST_CODE":"2519","XPOINT":"37.531680","YPOINT":"126.846942"}
,{"STATION_CD":"2520","STATION_NM":"신정","LINE_NUM":"5","FR_CODE":"519","CYBER_ST_CODE":"2520","XPOINT":"37.525220","YPOINT":"126.856223"}
,{"STATION_CD":"2521","STATION_NM":"목동","LINE_NUM":"5","FR_CODE":"520","CYBER_ST_CODE":"2521","XPOINT":"37.526280","YPOINT":"126.864317"}
,{"STATION_CD":"2522","STATION_NM":"오목교","LINE_NUM":"5","FR_CODE":"521","CYBER_ST_CODE":"2522","XPOINT":"37.524761","YPOINT":"126.875077"}
,{"STATION_CD":"2523","STATION_NM":"양평","LINE_NUM":"5","FR_CODE":"522","CYBER_ST_CODE":"2523","XPOINT":"37.492978","YPOINT":"127.492197"}
,{"STATION_CD":"2525","STATION_NM":"영등포시장","LINE_NUM":"5","FR_CODE":"524","CYBER_ST_CODE":"2525","XPOINT":"37.522977","YPOINT":"126.905025"}
,{"STATION_CD":"2527","STATION_NM":"여의도","LINE_NUM":"5","FR_CODE":"526","CYBER_ST_CODE":"2527","XPOINT":"37.521813","YPOINT":"126.924264"}
,{"STATION_CD":"2528","STATION_NM":"여의나루","LINE_NUM":"5","FR_CODE":"527","CYBER_ST_CODE":"2528","XPOINT":"37.527349","YPOINT":"126.932848"}
,{"STATION_CD":"2529","STATION_NM":"마포","LINE_NUM":"5","FR_CODE":"528","CYBER_ST_CODE":"2529","XPOINT":"37.539896","YPOINT":"126.946035"}
,{"STATION_CD":"2530","STATION_NM":"공덕","LINE_NUM":"5","FR_CODE":"529","CYBER_ST_CODE":"2530","XPOINT":"37.543821","YPOINT":"126.951941"}
,{"STATION_CD":"2531","STATION_NM":"애오개","LINE_NUM":"5","FR_CODE":"530","CYBER_ST_CODE":"2531","XPOINT":"37.553892","YPOINT":"126.956637"}
,{"STATION_CD":"2533","STATION_NM":"서대문","LINE_NUM":"5","FR_CODE":"532","CYBER_ST_CODE":"2533","XPOINT":"37.566021","YPOINT":"126.966623"}
,{"STATION_CD":"2534","STATION_NM":"광화문","LINE_NUM":"5","FR_CODE":"533","CYBER_ST_CODE":"2534","XPOINT":"37.571844","YPOINT":"126.976377"}
,{"STATION_CD":"2538","STATION_NM":"청구","LINE_NUM":"5","FR_CODE":"537","CYBER_ST_CODE":"2538","XPOINT":"37.560405","YPOINT":"127.013827"}
,{"STATION_CD":"2539","STATION_NM":"신금호","LINE_NUM":"5","FR_CODE":"538","CYBER_ST_CODE":"2539","XPOINT":"37.554736","YPOINT":"127.020832"}
,{"STATION_CD":"2540","STATION_NM":"행당","LINE_NUM":"5","FR_CODE":"539","CYBER_ST_CODE":"2540","XPOINT":"37.557585","YPOINT":"127.029535"}
,{"STATION_CD":"2542","STATION_NM":"마장","LINE_NUM":"5","FR_CODE":"541","CYBER_ST_CODE":"2542","XPOINT":"37.566403","YPOINT":"127.042927"}
,{"STATION_CD":"2543","STATION_NM":"답십리","LINE_NUM":"5","FR_CODE":"542","CYBER_ST_CODE":"2543","XPOINT":"37.567323","YPOINT":"127.052291"}
,{"STATION_CD":"2544","STATION_NM":"장한평","LINE_NUM":"5","FR_CODE":"543","CYBER_ST_CODE":"2544","XPOINT":"37.561697","YPOINT":"127.064705"}
,{"STATION_CD":"2545","STATION_NM":"군자","LINE_NUM":"5","FR_CODE":"544","CYBER_ST_CODE":"2545","XPOINT":"37.557374","YPOINT":"127.079505"}
,{"STATION_CD":"2546","STATION_NM":"아차산","LINE_NUM":"5","FR_CODE":"545","CYBER_ST_CODE":"2546","XPOINT":"37.552252","YPOINT":"127.089689"}
,{"STATION_CD":"2547","STATION_NM":"광나루","LINE_NUM":"5","FR_CODE":"546","CYBER_ST_CODE":"2547","XPOINT":"37.545523","YPOINT":"127.103686"}
,{"STATION_CD":"2548","STATION_NM":"천호","LINE_NUM":"5","FR_CODE":"547","CYBER_ST_CODE":"2548","XPOINT":"37.538260","YPOINT":"127.123189"}
,{"STATION_CD":"2549","STATION_NM":"강동","LINE_NUM":"5","FR_CODE":"548","CYBER_ST_CODE":"2549","XPOINT":"37.536182","YPOINT":"127.132246"}
,{"STATION_CD":"2550","STATION_NM":"길동","LINE_NUM":"5","FR_CODE":"549","CYBER_ST_CODE":"2550","XPOINT":"37.538071","YPOINT":"127.139997"}
,{"STATION_CD":"2551","STATION_NM":"굽은다리","LINE_NUM":"5","FR_CODE":"550","CYBER_ST_CODE":"2551","XPOINT":"37.545841","YPOINT":"127.142922"}
,{"STATION_CD":"2552","STATION_NM":"명일","LINE_NUM":"5","FR_CODE":"551","CYBER_ST_CODE":"2552","XPOINT":"37.551544","YPOINT":"127.143934"}
,{"STATION_CD":"2553","STATION_NM":"고덕","LINE_NUM":"5","FR_CODE":"552","CYBER_ST_CODE":"2553","XPOINT":"37.555293","YPOINT":"127.154019"}
,{"STATION_CD":"2554","STATION_NM":"상일동","LINE_NUM":"5","FR_CODE":"553","CYBER_ST_CODE":"2554","XPOINT":"37.556840","YPOINT":"127.165469"}
,{"STATION_CD":"2555","STATION_NM":"둔촌동","LINE_NUM":"5","FR_CODE":"P549","CYBER_ST_CODE":"2555","XPOINT":"37.527925","YPOINT":"127.136226"}
,{"STATION_CD":"2556","STATION_NM":"올림픽공원","LINE_NUM":"5","FR_CODE":"P550","CYBER_ST_CODE":"2556","XPOINT":"37.516879","YPOINT":"127.131010"}
,{"STATION_CD":"2557","STATION_NM":"방이","LINE_NUM":"5","FR_CODE":"P551","CYBER_ST_CODE":"2557","XPOINT":"37.508750","YPOINT":"127.125965"}
,{"STATION_CD":"2558","STATION_NM":"오금","LINE_NUM":"5","FR_CODE":"P552","CYBER_ST_CODE":"2558","XPOINT":"37.502215","YPOINT":"127.128020"}
,{"STATION_CD":"2559","STATION_NM":"개롱","LINE_NUM":"5","FR_CODE":"P553","CYBER_ST_CODE":"2559","XPOINT":"37.498059","YPOINT":"127.134802"}
,{"STATION_CD":"2560","STATION_NM":"거여","LINE_NUM":"5","FR_CODE":"P554","CYBER_ST_CODE":"2560","XPOINT":"37.493614","YPOINT":"127.143677"}
,{"STATION_CD":"2561","STATION_NM":"마천","LINE_NUM":"5","FR_CODE":"P555","CYBER_ST_CODE":"2561","XPOINT":"37.495288","YPOINT":"127.152774"}
,{"STATION_CD":"2611","STATION_NM":"응암","LINE_NUM":"6","FR_CODE":"610","CYBER_ST_CODE":"2611","XPOINT":"37.598748","YPOINT":"126.915522"}
,{"STATION_CD":"2612","STATION_NM":"역촌","LINE_NUM":"6","FR_CODE":"611","CYBER_ST_CODE":"2612","XPOINT":"37.606514","YPOINT":"126.922833"}
,{"STATION_CD":"2614","STATION_NM":"독바위","LINE_NUM":"6","FR_CODE":"613","CYBER_ST_CODE":"2614","XPOINT":"37.618655","YPOINT":"126.933021"}
,{"STATION_CD":"2616","STATION_NM":"구산","LINE_NUM":"6","FR_CODE":"615","CYBER_ST_CODE":"2616","XPOINT":"37.611651","YPOINT":"126.917238"}
,{"STATION_CD":"2617","STATION_NM":"새절","LINE_NUM":"6","FR_CODE":"616","CYBER_ST_CODE":"2617","XPOINT":"37.591299","YPOINT":"126.913480"}
,{"STATION_CD":"2618","STATION_NM":"증산","LINE_NUM":"6","FR_CODE":"617","CYBER_ST_CODE":"2618","XPOINT":"37.584012","YPOINT":"126.909776"}
,{"STATION_CD":"2619","STATION_NM":"디지털미디어시티","LINE_NUM":"6","FR_CODE":"618","CYBER_ST_CODE":"2619","XPOINT":"37.577618","YPOINT":"126.900326"}
,{"STATION_CD":"2620","STATION_NM":"월드컵경기장","LINE_NUM":"6","FR_CODE":"619","CYBER_ST_CODE":"2620","XPOINT":"37.569915","YPOINT":"126.899085"}
,{"STATION_CD":"2621","STATION_NM":"마포구청","LINE_NUM":"6","FR_CODE":"620","CYBER_ST_CODE":"2621","XPOINT":"37.563609","YPOINT":"126.903499"}
,{"STATION_CD":"2622","STATION_NM":"망원","LINE_NUM":"6","FR_CODE":"621","CYBER_ST_CODE":"2622","XPOINT":"37.556318","YPOINT":"126.910085"}
,{"STATION_CD":"2624","STATION_NM":"상수","LINE_NUM":"6","FR_CODE":"623","CYBER_ST_CODE":"2624","XPOINT":"37.548029","YPOINT":"126.922944"}
,{"STATION_CD":"2625","STATION_NM":"광흥창","LINE_NUM":"6","FR_CODE":"624","CYBER_ST_CODE":"2625","XPOINT":"37.547669","YPOINT":"126.931785"}
,{"STATION_CD":"2626","STATION_NM":"대흥","LINE_NUM":"6","FR_CODE":"625","CYBER_ST_CODE":"2626","XPOINT":"37.547908","YPOINT":"126.942305"}
,{"STATION_CD":"2628","STATION_NM":"효창공원앞","LINE_NUM":"6","FR_CODE":"627","CYBER_ST_CODE":"2628","XPOINT":"37.539540","YPOINT":"126.961462"}
,{"STATION_CD":"2630","STATION_NM":"녹사평","LINE_NUM":"6","FR_CODE":"629","CYBER_ST_CODE":"2630","XPOINT":"37.534833","YPOINT":"126.986839"}
,{"STATION_CD":"2631","STATION_NM":"이태원","LINE_NUM":"6","FR_CODE":"630","CYBER_ST_CODE":"2631","XPOINT":"37.534818","YPOINT":"126.994541"}
,{"STATION_CD":"2632","STATION_NM":"한강진","LINE_NUM":"6","FR_CODE":"631","CYBER_ST_CODE":"2632","XPOINT":"37.539863","YPOINT":"127.001720"}
,{"STATION_CD":"2633","STATION_NM":"버티고개","LINE_NUM":"6","FR_CODE":"632","CYBER_ST_CODE":"2633","XPOINT":"37.548389","YPOINT":"127.007131"}
,{"STATION_CD":"2638","STATION_NM":"창신","LINE_NUM":"6","FR_CODE":"637","CYBER_ST_CODE":"2638","XPOINT":"37.579629","YPOINT":"127.015233"}
,{"STATION_CD":"2639","STATION_NM":"보문","LINE_NUM":"6","FR_CODE":"638","CYBER_ST_CODE":"2639","XPOINT":"37.585531","YPOINT":"127.019396"}
,{"STATION_CD":"2640","STATION_NM":"안암","LINE_NUM":"6","FR_CODE":"639","CYBER_ST_CODE":"2640","XPOINT":"37.586521","YPOINT":"127.029057"}
,{"STATION_CD":"2641","STATION_NM":"고려대","LINE_NUM":"6","FR_CODE":"640","CYBER_ST_CODE":"2641","XPOINT":"37.590626","YPOINT":"127.035897"}
,{"STATION_CD":"2642","STATION_NM":"월곡","LINE_NUM":"6","FR_CODE":"641","CYBER_ST_CODE":"2642","XPOINT":"37.602125","YPOINT":"127.041568"}
,{"STATION_CD":"2643","STATION_NM":"상월곡","LINE_NUM":"6","FR_CODE":"642","CYBER_ST_CODE":"2643","XPOINT":"37.606868","YPOINT":"127.048867"}
,{"STATION_CD":"2644","STATION_NM":"돌곶이","LINE_NUM":"6","FR_CODE":"643","CYBER_ST_CODE":"2644","XPOINT":"37.610778","YPOINT":"127.056408"}
,{"STATION_CD":"2646","STATION_NM":"태릉입구","LINE_NUM":"6","FR_CODE":"645","CYBER_ST_CODE":"2646","XPOINT":"37.618755","YPOINT":"127.075335"}
,{"STATION_CD":"2647","STATION_NM":"화랑대","LINE_NUM":"6","FR_CODE":"646","CYBER_ST_CODE":"2647","XPOINT":"37.620050","YPOINT":"127.083657"}
,{"STATION_CD":"2648","STATION_NM":"봉화산","LINE_NUM":"6","FR_CODE":"647","CYBER_ST_CODE":"2648","XPOINT":"37.617589","YPOINT":"127.091312"}
,{"STATION_CD":"2711","STATION_NM":"장암","LINE_NUM":"7","FR_CODE":"709","CYBER_ST_CODE":"2711","XPOINT":"37.700050","YPOINT":"127.053172"}
,{"STATION_CD":"2713","STATION_NM":"수락산","LINE_NUM":"7","FR_CODE":"711","CYBER_ST_CODE":"2713","XPOINT":"37.678148","YPOINT":"127.055266"}
,{"STATION_CD":"2714","STATION_NM":"마들","LINE_NUM":"7","FR_CODE":"712","CYBER_ST_CODE":"2714","XPOINT":"37.665524","YPOINT":"127.057534"}
,{"STATION_CD":"2716","STATION_NM":"중계","LINE_NUM":"7","FR_CODE":"714","CYBER_ST_CODE":"2716","XPOINT":"37.645702","YPOINT":"127.063912"}
,{"STATION_CD":"2717","STATION_NM":"하계","LINE_NUM":"7","FR_CODE":"715","CYBER_ST_CODE":"2717","XPOINT":"37.636243","YPOINT":"127.068261"}
,{"STATION_CD":"2718","STATION_NM":"공릉","LINE_NUM":"7","FR_CODE":"716","CYBER_ST_CODE":"2718","XPOINT":"37.626072","YPOINT":"127.072889"}
,{"STATION_CD":"2720","STATION_NM":"먹골","LINE_NUM":"7","FR_CODE":"718","CYBER_ST_CODE":"2720","XPOINT":"37.610997","YPOINT":"127.077777"}
,{"STATION_CD":"2721","STATION_NM":"중화","LINE_NUM":"7","FR_CODE":"719","CYBER_ST_CODE":"2721","XPOINT":"37.602755","YPOINT":"127.079312"}
,{"STATION_CD":"2722","STATION_NM":"상봉","LINE_NUM":"7","FR_CODE":"720","CYBER_ST_CODE":"2722","XPOINT":"37.595895","YPOINT":"127.085705"}
,{"STATION_CD":"2723","STATION_NM":"면목","LINE_NUM":"7","FR_CODE":"721","CYBER_ST_CODE":"2723","XPOINT":"37.588945","YPOINT":"127.087414"}
,{"STATION_CD":"2724","STATION_NM":"사가정","LINE_NUM":"7","FR_CODE":"722","CYBER_ST_CODE":"2724","XPOINT":"37.581191","YPOINT":"127.088433"}
,{"STATION_CD":"2725","STATION_NM":"용마산","LINE_NUM":"7","FR_CODE":"723","CYBER_ST_CODE":"2725","XPOINT":"37.573942","YPOINT":"127.086802"}
,{"STATION_CD":"2726","STATION_NM":"중곡","LINE_NUM":"7","FR_CODE":"724","CYBER_ST_CODE":"2726","XPOINT":"37.565786","YPOINT":"127.084145"}
,{"STATION_CD":"2728","STATION_NM":"어린이대공원","LINE_NUM":"7","FR_CODE":"726","CYBER_ST_CODE":"2728","XPOINT":"37.548130","YPOINT":"127.074545"}
,{"STATION_CD":"2730","STATION_NM":"뚝섬유원지","LINE_NUM":"7","FR_CODE":"728","CYBER_ST_CODE":"2730","XPOINT":"37.531771","YPOINT":"127.066675"}
,{"STATION_CD":"2731","STATION_NM":"청담","LINE_NUM":"7","FR_CODE":"729","CYBER_ST_CODE":"2731","XPOINT":"37.519380","YPOINT":"127.051910"}
,{"STATION_CD":"2732","STATION_NM":"강남구청","LINE_NUM":"7","FR_CODE":"730","CYBER_ST_CODE":"2732","XPOINT":"37.517208","YPOINT":"127.041207"}
,{"STATION_CD":"2733","STATION_NM":"학동","LINE_NUM":"7","FR_CODE":"731","CYBER_ST_CODE":"2733","XPOINT":"37.514479","YPOINT":"127.031598"}
,{"STATION_CD":"2734","STATION_NM":"논현","LINE_NUM":"7","FR_CODE":"732","CYBER_ST_CODE":"2734","XPOINT":"37.511415","YPOINT":"127.021733"}
,{"STATION_CD":"2735","STATION_NM":"반포","LINE_NUM":"7","FR_CODE":"733","CYBER_ST_CODE":"2735","XPOINT":"37.508498","YPOINT":"127.011734"}
,{"STATION_CD":"2737","STATION_NM":"내방","LINE_NUM":"7","FR_CODE":"735","CYBER_ST_CODE":"2737","XPOINT":"37.487916","YPOINT":"126.993593"}
,{"STATION_CD":"2739","STATION_NM":"남성","LINE_NUM":"7","FR_CODE":"737","CYBER_ST_CODE":"2739","XPOINT":"37.484622","YPOINT":"126.971188"}
,{"STATION_CD":"2740","STATION_NM":"숭실대입구","LINE_NUM":"7","FR_CODE":"738","CYBER_ST_CODE":"2740","XPOINT":"37.496531","YPOINT":"126.953488"}
,{"STATION_CD":"2741","STATION_NM":"상도","LINE_NUM":"7","FR_CODE":"739","CYBER_ST_CODE":"2741","XPOINT":"37.503323","YPOINT":"126.947726"}
,{"STATION_CD":"2742","STATION_NM":"장승배기","LINE_NUM":"7","FR_CODE":"740","CYBER_ST_CODE":"2742","XPOINT":"37.505148","YPOINT":"126.939132"}
,{"STATION_CD":"2743","STATION_NM":"신대방삼거리","LINE_NUM":"7","FR_CODE":"741","CYBER_ST_CODE":"2743","XPOINT":"37.499883","YPOINT":"126.928184"}
,{"STATION_CD":"2744","STATION_NM":"보라매","LINE_NUM":"7","FR_CODE":"742","CYBER_ST_CODE":"2744","XPOINT":"37.500138","YPOINT":"126.920266"}
,{"STATION_CD":"2745","STATION_NM":"신풍","LINE_NUM":"7","FR_CODE":"743","CYBER_ST_CODE":"2745","XPOINT":"37.500381","YPOINT":"126.908931"}
,{"STATION_CD":"2747","STATION_NM":"남구로","LINE_NUM":"7","FR_CODE":"745","CYBER_ST_CODE":"2747","XPOINT":"37.486338","YPOINT":"126.887320"}
,{"STATION_CD":"2749","STATION_NM":"철산","LINE_NUM":"7","FR_CODE":"747","CYBER_ST_CODE":"2749","XPOINT":"37.476427","YPOINT":"126.868266"}
,{"STATION_CD":"2750","STATION_NM":"광명사거리","LINE_NUM":"7","FR_CODE":"748","CYBER_ST_CODE":"2750","XPOINT":"37.479302","YPOINT":"126.854731"}
,{"STATION_CD":"2751","STATION_NM":"천왕","LINE_NUM":"7","FR_CODE":"749","CYBER_ST_CODE":"2751","XPOINT":"37.486895","YPOINT":"126.838729"}
,{"STATION_CD":"2824","STATION_NM":"단대오거리","LINE_NUM":"8","FR_CODE":"823","CYBER_ST_CODE":"2824","XPOINT":"37.445054","YPOINT":"127.156714"}
,{"STATION_CD":"2825","STATION_NM":"신흥","LINE_NUM":"8","FR_CODE":"824","CYBER_ST_CODE":"2825","XPOINT":"37.440877","YPOINT":"127.147488"}
,{"STATION_CD":"2826","STATION_NM":"수진","LINE_NUM":"8","FR_CODE":"825","CYBER_ST_CODE":"2826","XPOINT":"37.437356","YPOINT":"127.140366"}
,{"STATION_CD":"2811","STATION_NM":"암사","LINE_NUM":"8","FR_CODE":"810","CYBER_ST_CODE":"2811","XPOINT":"37.550055","YPOINT":"127.127566"}
,{"STATION_CD":"2813","STATION_NM":"강동구청","LINE_NUM":"8","FR_CODE":"812","CYBER_ST_CODE":"2813","XPOINT":"37.530166","YPOINT":"127.120442"}
,{"STATION_CD":"2814","STATION_NM":"몽촌토성","LINE_NUM":"8","FR_CODE":"813","CYBER_ST_CODE":"2814","XPOINT":"37.517334","YPOINT":"127.112331"}
,{"STATION_CD":"2816","STATION_NM":"석촌","LINE_NUM":"8","FR_CODE":"815","CYBER_ST_CODE":"2816","XPOINT":"37.505436","YPOINT":"127.106838"}
,{"STATION_CD":"2817","STATION_NM":"송파","LINE_NUM":"8","FR_CODE":"816","CYBER_ST_CODE":"2817","XPOINT":"37.4997","YPOINT":"127.112117"}
,{"STATION_CD":"2818","STATION_NM":"가락시장","LINE_NUM":"8","FR_CODE":"817","CYBER_ST_CODE":"2818","XPOINT":"37.492924","YPOINT":"127.11835"}
,{"STATION_CD":"2819","STATION_NM":"문정","LINE_NUM":"8","FR_CODE":"818","CYBER_ST_CODE":"2819","XPOINT":"37.485824","YPOINT":"127.122481"}
,{"STATION_CD":"2820","STATION_NM":"장지","LINE_NUM":"8","FR_CODE":"819","CYBER_ST_CODE":"2820","XPOINT":"37.478875","YPOINT":"127.126143"}
,{"STATION_CD":"2822","STATION_NM":"산성","LINE_NUM":"8","FR_CODE":"821","CYBER_ST_CODE":"2822","XPOINT":"37.457129","YPOINT":"127.149925"}
,{"STATION_CD":"2823","STATION_NM":"남한산성입구","LINE_NUM":"8","FR_CODE":"822","CYBER_ST_CODE":"2823","XPOINT":"37.451699","YPOINT":"127.159805"}
,{"STATION_CD":"4101","STATION_NM":"개화","LINE_NUM":"9","FR_CODE":"901","CYBER_ST_CODE":"4101","XPOINT":"37.578674","YPOINT":"126.798051"}
,{"STATION_CD":"4103","STATION_NM":"공항시장","LINE_NUM":"9","FR_CODE":"903","CYBER_ST_CODE":"4103","XPOINT":"37.563953","YPOINT":"126.810625"}
,{"STATION_CD":"4104","STATION_NM":"신방화","LINE_NUM":"9","FR_CODE":"904","CYBER_ST_CODE":"4104","XPOINT":"37.567539","YPOINT":"126.816756"}
,{"STATION_CD":"4105","STATION_NM":"마곡나루","LINE_NUM":"9","FR_CODE":"905","CYBER_ST_CODE":"4105","XPOINT":"37.567369","YPOINT":"126.829341"}
,{"STATION_CD":"4106","STATION_NM":"양천향교","LINE_NUM":"9","FR_CODE":"906","CYBER_ST_CODE":"4106","XPOINT":"37.568279","YPOINT":"126.841947"}
,{"STATION_CD":"4107","STATION_NM":"가양","LINE_NUM":"9","FR_CODE":"907","CYBER_ST_CODE":"4107","XPOINT":"37.561744","YPOINT":"126.854206"}
,{"STATION_CD":"4108","STATION_NM":"증미","LINE_NUM":"9","FR_CODE":"908","CYBER_ST_CODE":"4108","XPOINT":"37.557657","YPOINT":"126.861641"}
,{"STATION_CD":"4109","STATION_NM":"등촌","LINE_NUM":"9","FR_CODE":"909","CYBER_ST_CODE":"4109","XPOINT":"37.550958","YPOINT":"126.865500"}
,{"STATION_CD":"4110","STATION_NM":"염창","LINE_NUM":"9","FR_CODE":"910","CYBER_ST_CODE":"4110","XPOINT":"37.547131","YPOINT":"126.874834"}
,{"STATION_CD":"4111","STATION_NM":"신목동","LINE_NUM":"9","FR_CODE":"911","CYBER_ST_CODE":"4111","XPOINT":"37.544441","YPOINT":"126.883039"}
,{"STATION_CD":"4112","STATION_NM":"선유도","LINE_NUM":"9","FR_CODE":"912","CYBER_ST_CODE":"4112","XPOINT":"37.538063","YPOINT":"126.893819"}
,{"STATION_CD":"4114","STATION_NM":"국회의사당","LINE_NUM":"9","FR_CODE":"914","CYBER_ST_CODE":"4114","XPOINT":"37.528405","YPOINT":"126.917869"}
,{"STATION_CD":"4116","STATION_NM":"샛강","LINE_NUM":"9","FR_CODE":"916","CYBER_ST_CODE":"4116","XPOINT":"37.517039","YPOINT":"126.928878"}
,{"STATION_CD":"4117","STATION_NM":"노량진(9호선)","LINE_NUM":"9","FR_CODE":"917","CYBER_ST_CODE":"4117","XPOINT":"37.513583","YPOINT":"126.940892"}
,{"STATION_CD":"4118","STATION_NM":"노들","LINE_NUM":"9","FR_CODE":"918","CYBER_ST_CODE":"4118","XPOINT":"37.513078","YPOINT":"126.953254"}
,{"STATION_CD":"4119","STATION_NM":"흑석","LINE_NUM":"9","FR_CODE":"919","CYBER_ST_CODE":"4119","XPOINT":"37.509324","YPOINT":"126.963418"}
,{"STATION_CD":"4121","STATION_NM":"구반포","LINE_NUM":"9","FR_CODE":"921","CYBER_ST_CODE":"4121","XPOINT":"37.501682","YPOINT":"126.987422"}
,{"STATION_CD":"4122","STATION_NM":"신반포","LINE_NUM":"9","FR_CODE":"922","CYBER_ST_CODE":"4122","XPOINT":"37.503696","YPOINT":"126.996022"}
,{"STATION_CD":"4124","STATION_NM":"사평","LINE_NUM":"9","FR_CODE":"924","CYBER_ST_CODE":"4124","XPOINT":"37.504716","YPOINT":"127.014721"}
,{"STATION_CD":"4125","STATION_NM":"신논현","LINE_NUM":"9","FR_CODE":"925","CYBER_ST_CODE":"4125","XPOINT":"37.504924","YPOINT":"127.025342"}
,{"STATION_CD":"1851","STATION_NM":"가천대","LINE_NUM":"B","FR_CODE":"K223","CYBER_ST_CODE":"1851","XPOINT":"37.449001","YPOINT":"127.126682"}
,{"STATION_CD":"1852","STATION_NM":"태평","LINE_NUM":"B","FR_CODE":"K224","CYBER_ST_CODE":"1852","XPOINT":"37.439974","YPOINT":"127.127794"}
,{"STATION_CD":"1853","STATION_NM":"모란","LINE_NUM":"B","FR_CODE":"K225","CYBER_ST_CODE":"1853","XPOINT":"37.432324","YPOINT":"127.129091"}
,{"STATION_CD":"1854","STATION_NM":"야탑","LINE_NUM":"B","FR_CODE":"K226","CYBER_ST_CODE":"1854","XPOINT":"37.411563","YPOINT":"127.128699"}
,{"STATION_CD":"1855","STATION_NM":"서현","LINE_NUM":"B","FR_CODE":"K228","CYBER_ST_CODE":"1855","XPOINT":"37.385225","YPOINT":"127.123190"}
,{"STATION_CD":"1856","STATION_NM":"수내","LINE_NUM":"B","FR_CODE":"K229","CYBER_ST_CODE":"1856","XPOINT":"37.378652","YPOINT":"127.114264"}
,{"STATION_CD":"1857","STATION_NM":"정자","LINE_NUM":"B","FR_CODE":"K230","CYBER_ST_CODE":"1857","XPOINT":"37.366246","YPOINT":"127.108085"}
,{"STATION_CD":"1858","STATION_NM":"미금","LINE_NUM":"B","FR_CODE":"K231","CYBER_ST_CODE":"1858","XPOINT":"37.350295","YPOINT":"127.108925"}
,{"STATION_CD":"1859","STATION_NM":"오리","LINE_NUM":"B","FR_CODE":"K232","CYBER_ST_CODE":"1859","XPOINT":"37.340041","YPOINT":"127.108969"}
,{"STATION_CD":"1860","STATION_NM":"이매","LINE_NUM":"B","FR_CODE":"K227","CYBER_ST_CODE":"1860","XPOINT":"37.396106","YPOINT":"127.128320"}
,{"STATION_CD":"1861","STATION_NM":"보정","LINE_NUM":"B","FR_CODE":"K234","CYBER_ST_CODE":"1861","XPOINT":"37.312949","YPOINT":"127.108181"}
,{"STATION_CD":"1862","STATION_NM":"죽전","LINE_NUM":"B","FR_CODE":"K233","CYBER_ST_CODE":"1862","XPOINT":"37.324844","YPOINT":"127.107380"}
,{"STATION_CD":"1863","STATION_NM":"구성","LINE_NUM":"B","FR_CODE":"K235","CYBER_ST_CODE":"1863","XPOINT":"37.299231","YPOINT":"127.105680"}
,{"STATION_CD":"1864","STATION_NM":"신갈","LINE_NUM":"B","FR_CODE":"K236","CYBER_ST_CODE":"1864","XPOINT":"37.286328","YPOINT":"127.111381"}
,{"STATION_CD":"1865","STATION_NM":"기흥","LINE_NUM":"B","FR_CODE":"K237","CYBER_ST_CODE":"1865","XPOINT":"37.275858","YPOINT":"127.115917"}
,{"STATION_CD":"1024","STATION_NM":"한티","LINE_NUM":"B","FR_CODE":"k216","CYBER_ST_CODE":"1024","XPOINT":"37.496485","YPOINT":"127.052845"}
,{"STATION_CD":"1026","STATION_NM":"구룡","LINE_NUM":"B","FR_CODE":"k218","CYBER_ST_CODE":"1026","XPOINT":"37.486819","YPOINT":"127.059104"}
,{"STATION_CD":"1027","STATION_NM":"개포동","LINE_NUM":"B","FR_CODE":"k219","CYBER_ST_CODE":"1027","XPOINT":"37.489384","YPOINT":"127.066529"}
,{"STATION_CD":"1028","STATION_NM":"대모산입구","LINE_NUM":"B","FR_CODE":"k220","CYBER_ST_CODE":"1028","XPOINT":"37.491496","YPOINT":"127.072675"}
,{"STATION_CD":"1031","STATION_NM":"복정","LINE_NUM":"B","FR_CODE":"K222","CYBER_ST_CODE":"1031","XPOINT":"37.471223","YPOINT":"127.126716"}
]